rank,username,comments,karma,k:c 
1,AniMonologues,1341,2631,2.0 
2,kyondmonkey,1134,2527,2.2 
3,InternetDude9001,988,2510,2.5 
4,MetaThPr4h,974,2402,2.5 
5,Tamaki_Suoh,866,2035,2.3 
6,GreenNGreen,816,1834,2.2 
7,RoronoaAshok,678,1635,2.4 
8,Kamilny,659,1520,2.3 
9,MrManicMarty,597,1307,2.2 
10,Nico9lives,554,1452,2.6 
11,JexInfinite,519,1049,2.0 
12,Oh_Alright,510,1066,2.1 
13,_OriginalUsername_,490,1431,2.9 
14,Terranwaterbender,485,1176,2.4 
15,fireheart222,483,1086,2.2 
16,Exodor54,460,1366,3.0 
17,Sandvikovich,446,1265,2.8 
18,Vulphere,383,791,2.1 
19,Staktaz1,348,713,2.0 
20,corporal-troller,285,688,2.4 
21,RandomRedditorWithNo,264,626,2.4 
22,babydave371,259,631,2.4 
23,Mage_of_Shadows,255,750,2.9 
24,orangeshades,254,584,2.3 
25,Ignore_User_Name,249,486,2.0 
26,TreGet234,247,480,1.9 
27,vegetable_offender,230,481,2.1 
28,Axiliousz,213,566,2.7 
29,StateRoute67,208,479,2.3 
30,Valkeiser,195,466,2.4 
31,Karmic_thread,185,455,2.5 
32,Isrozzis,180,366,2.0 
33,powerplayer6,173,412,2.4 
34,Hyoizaburo,168,405,2.4 
35,sdboy557,156,350,2.2 
36,CIELESTENP,144,334,2.3 
37,MalacostracaFlame,127,317,2.5 
38,amadoxx,126,275,2.2 
39,Ramsay_Reekimaru,123,251,2.0 
40,__Clever_Username__,122,315,2.6 
41,Mannie_T,119,228,1.9 
42,NotTheRealMorty,118,365,3.1 
43,Pine_AppleTree,110,227,2.1 
44,Auracity,110,293,2.7 
45,Golga10,106,240,2.3 
46,pittman66,102,324,3.2 
47,Maccaz15,98,194,2.0 
48,KousakaReina,91,210,2.3 
49,sonlun96,89,244,2.7 
50,Cacophon,88,159,1.8 
51,mmreviews,88,182,2.1 
52,collapsedblock6,82,157,1.9 
53,TheEliteNub,75,161,2.1 
54,zenoob,75,128,1.7 
55,kaguraa,70,157,2.2 
56,Nickknight8,68,173,2.5 
57,NuclearStudent,65,132,2.0 
58,xcaramel,65,171,2.6 
59,zhongzhen93,62,217,3.5 
60,80000_cape,60,135,2.2 
61,xiomax95,56,106,1.9 
62,RainInsane,54,139,2.6 
63,TobiMTA,54,112,2.1 
64,trunicator,53,119,2.2 
65,Slateonyx,53,141,2.7 
66,acrillex,53,99,1.9 
67,Ormille,52,123,2.4 
68,Vinesma,45,110,2.4 
69,reddadz,45,150,3.3 
70,Carl_Gauss,44,93,2.1 
71,Durinthal,42,81,1.9 
72,sddsddcp,40,121,3.0 
73,Lord_Xp,37,81,2.2 
74,higi1024,37,79,2.1 
75,impingainteasy,35,69,2.0 
76,Grapeshifter_,34,71,2.1 
77,watermark02,33,59,1.8 
78,Status_Flux,31,61,2.0 
79,rewindthegamer,28,59,2.1 
80,AmethystItalian,28,54,1.9 
81,Tomotomi,28,54,1.9 
82,JeSuisFoxyTrot,27,49,1.8 
83,Fluttershaft,26,68,2.6 
84,BBallHunter,26,70,2.7 
85,ShaKing807,25,85,3.4 
86,Tetraika,23,48,2.1 
87,EnduranceProtocol,22,42,1.9 
88,Stokest26,22,56,2.5 
89,JazzKatCritic,21,67,3.2 
90,WhaleWright,20,46,2.3 
91,faux_wizard,17,42,2.5 
92,Jaggedmallard26,17,30,1.8 
93,Phanron,16,39,2.4 
94,NexGenYT,16,26,1.6 
95,SpecsKingdra,16,34,2.1 
96,brothertaddeus,16,35,2.2 
97,FetchFrosh,15,30,2.0 
98,miaohmy,15,28,1.9 
99,TsundereRager,15,16,1.1 
100,ArtificialIntell,15,27,1.8 
101,Taiboss,14,39,2.8 
102,227308,14,28,2.0 
103,christiannyca,14,32,2.3 
104,Fred_MK,14,37,2.6 
105,AyeHumps,13,28,2.2 
106,THatClarK,13,24,1.8 
107,LordTakuro,13,24,1.8 
108,Chariotwheel,12,37,3.1 
109,TheDerped,12,32,2.7 
110,erkghlerngm44,11,40,3.6 
111,Kaffarov,11,30,2.7 
112,Tempest_bb,10,26,2.6 
113,ozuco,10,16,1.6 
114,Future_Style,10,18,1.8 
115,Anarchiszm,9,15,1.7 
116,define_irony,9,25,2.8 
117,Swanki24,9,19,2.1 
118,IISuperSlothII,9,13,1.4 
119,FallingDarkness,9,17,1.9 
120,ZombieNEETparade,9,32,3.6 
121,Princess_Tutu,9,24,2.7 
122,balahadya,8,12,1.5 
123,DoctorWhoops,8,34,4.2 
124,sheroze,8,29,3.6 
125,Mylaur,8,9,1.1 
126,Zenthon127,8,18,2.2 
127,Xarvon,8,14,1.8 
128,Voltik,8,29,3.6 
129,DragonTheWyvernSon,8,17,2.1 
130,TheLinerax,8,18,2.2 
131,viridiian,7,10,1.4 
132,BigCheeks2,7,19,2.7 
133,Thaneofthunder,7,8,1.1 
134,BeccaTheBaka,7,12,1.7 
135,FAN_ROTOM_IS_SCARY,7,22,3.1 
136,NewKingBrandon,7,7,1.0 
137,Radicality_,7,14,2.0 
138,hehey,7,16,2.3 
139,Starterjoker,7,23,3.3 
140,Victor_no_baka,6,12,2.0 
141,HoonterofHoonters_,6,11,1.8 
142,Noy_Telinu,6,13,2.2 
143,NBVictory,6,9,1.5 
144,junktr0n,6,9,1.5 
145,funbrand,6,11,1.8 
146,TrashbagTony,6,6,1.0 
147,James_Ohio,6,10,1.7 
148,illtima,6,17,2.8 
149,-Unorthodox-,6,10,1.7 
150,VeteranNomad,6,8,1.3 
151,semajdraehs,6,12,2.0 
152,MissyPie,6,36,6.0 
153,animethaw,5,13,2.6 
154,theksterman,5,8,1.6 
155,SkywardQuill,5,7,1.4 
156,animethrowaway912938,5,9,1.8 
157,EXEC_METAFALICA,5,8,1.6 
158,RingoFreakingStarr,5,52,10.4 
159,BanjoTheBear,5,13,2.6 
160,th3g1rl,5,10,2.0 
161,aareeb23,5,9,1.8 
162,pursitofHappiness,5,8,1.6 
163,keeptrackoftime,5,8,1.6 
164,kagamisamaa,5,12,2.4 
165,Orzislaw,5,7,1.4 
166,Praise_Godoka,5,12,2.4 
167,randomdudeman12,5,22,4.4 
168,Juxitr,5,9,1.8 
169,Ghostsoldier37,5,11,2.2 
170,hamptonwooster,4,7,1.8 
171,engalleons,4,10,2.5 
172,hello_navi,4,10,2.5 
173,BioChemRS,4,17,4.2 
174,Quinkos,4,10,2.5 
175,The_Crazy_Monky,4,12,3.0 
176,ofei006,4,7,1.8 
177,GeeJo,4,4,1.0 
178,urban287,4,9,2.2 
179,Fairweva,4,6,1.5 
180,DeadSira,4,12,3.0 
181,samlee405,4,9,2.2 
182,willsolvit,4,4,1.0 
183,kingwhocares,4,6,1.5 
184,Littlesalvi,4,8,2.0 
185,hanr10,4,12,3.0 
186,NovaPrime15,4,9,2.2 
187,121jigawatts,4,6,1.5 
188,SkyrimScotsman,4,7,1.8 
189,peepthenudes,4,13,3.2 
190,theatreofwar,4,9,2.2 
191,0mn0mnomnom,4,8,2.0 
192,codor00,4,7,1.8 
193,InternetFeet9001,3,6,2.0 
194,lukeatlook,3,11,3.7 
195,dothack_bi,3,7,2.3 
196,roodzor,3,4,1.3 
197,TheWiseYoda,3,6,2.0 
198,awerture,3,4,1.3 
199,Manncomann,3,4,1.3 
200,GenesisEra,3,22,7.3 
201,drygas9,3,3,1.0 
202,djs7124,3,21,7.0 
203,i_got_you_bro2345,3,10,3.3 
204,OhShit__ItsDrTran,3,9,3.0 
205,uumika,3,4,1.3 
206,Sinrus,3,5,1.7 
207,_-BC-_Imre,3,4,1.3 
208,bmiggy,3,7,2.3 
209,Anime0555,3,3,1.0 
210,8mmspikes,3,12,4.0 
211,bwabwa1,3,6,2.0 
212,Big_Cat14,3,5,1.7 
213,Kilo181,3,4,1.3 
214,SupernaturalPenguin,3,8,2.7 
215,asianyeti,3,8,2.7 
216,Thrasher439,3,14,4.7 
217,singe8,3,10,3.3 
218,DangeresqueIII,3,3,1.0 
219,Battlepidia,3,6,2.0 
220,DrNyanpasu,3,6,2.0 
221,scorcher117,3,6,2.0 
222,basedbecker,3,18,6.0 
223,avidjam,2,4,2.0 
224,Gaporigo,2,4,2.0 
225,AnimeThreshold,2,6,3.0 
226,tankriderr,2,2,1.0 
227,killermicrobe,2,5,2.5 
228,Vynest,2,7,3.5 
229,helphelp11,2,3,1.5 
230,akarai115,2,4,2.0 
231,LiarMind,2,7,3.5 
232,jokersus,2,8,4.0 
233,TheRandomRGU,2,2,1.0 
234,kerplowskie,2,4,2.0 
235,mountblade98,2,4,2.0 
236,Alphaman1,2,3,1.5 
237,Spartan11798,2,7,3.5 
238,SmurfRockRune,2,4,2.0 
239,Insecticide,2,3,1.5 
240,Fushen,2,3,1.5 
241,TophsYoutube,2,6,3.0 
242,cow_co,2,5,2.5 
243,Poraro,2,3,1.5 
244,Improvis2,2,3,1.5 
245,Crossadder,2,3,1.5 
246,BeastKeK,2,3,1.5 
247,zikari8,2,2,1.0 
248,lorange42,2,3,1.5 
249,ShiroSuzuki,2,3,1.5 
250,AddiMTA,2,4,2.0 
251,VeryVeryVery_Nice,2,3,1.5 
252,AlienWarhead,2,8,4.0 
253,DaBearsMan_72,2,4,2.0 
254,onefootstout,2,3,1.5 
255,Hades_Re,2,2,1.0 
256,ArcticMetal,2,4,2.0 
257,Blueson,2,6,3.0 
258,lostblueskies,2,3,1.5 
259,bonjoesantos,2,3,1.5 
260,kebnva,2,4,2.0 
261,shadow_humper,2,2,1.0 
262,SikhAndDestroy,2,2,1.0 
263,StaccatoH,2,3,1.5 
264,breathefireworks,2,8,4.0 
265,sh0tee,2,8,4.0 
266,Bainos,2,3,1.5 
267,Cyathene,2,5,2.5 
268,McDerpingheimer_III,2,4,2.0 
269,Chetcommandosrockon,2,4,2.0 
270,atropicalpenguin,2,3,1.5 
271,VincentBlack96,2,5,2.5 
272,advarcher,1,2,2.0 
273,Removedpixel,1,0,0.0 
274,Jiecut,1,2,2.0 
275,WERelement,1,1,1.0 
276,Amanoo,1,2,2.0 
277,watashi-akashi,1,3,3.0 
278,TomatoFork,1,2,2.0 
279,porpoiseoflife,1,1,1.0 
280,Hawksaw_Jim_Duggan,1,1,1.0 
281,drewiepoodle,1,1,1.0 
282,pizza-mozzarella,1,1,1.0 
283,NotaSmurf13,1,5,5.0 
284,KNIRKY,1,1,1.0 
285,MasterAyy,1,2,2.0 
286,Lillslim_the_second,1,1,1.0 
287,turilya,1,2,2.0 
288,araventh-s19,1,2,2.0 
289,ThatAnimePleb,1,2,2.0 
290,ParityRunner,1,3,3.0 
291,istolewaffles,1,2,2.0 
292,Humg12,1,1,1.0 
293,KiriharaIzaki,1,1,1.0 
294,l3eater,1,2,2.0 
295,A_Blank_Space,1,1,1.0 
296,DeathTrap-Legatron,1,2,2.0 
297,Evil_Potater,1,1,1.0 
298,Barnie_Senders,1,1,1.0 
299,penialito,1,1,1.0 
300,NikUlquiorra,1,1,1.0 
301,Derpy2015,1,1,1.0 
302,McEpic234,1,1,1.0 
303,InternetDude9002,1,2,2.0 
304,niconuki,1,2,2.0 
305,NekuuuuU,1,1,1.0 
306,xERR404x,1,2,2.0 
307,jazaniac,1,1,1.0 
308,UltimateEye,1,6,6.0 
309,GUGUGUNGI,1,1,1.0 
310,nyankoislife,1,2,2.0 
311,cinnmarken,1,1,1.0 
312,94DarkHunter94,1,1,1.0 
313,andarflabab,1,1,1.0 
314,Martin15Sleith,1,1,1.0 
315,Dragonfire13,1,2,2.0 
316,Jalidric,1,3,3.0 
317,myriad_truths,1,2,2.0 
318,pinkdaisiesss,1,1,1.0 
319,cstigerwright,1,2,2.0 
320,Pm_spare_steam_keys,1,1,1.0 
321,g0atmeal,1,2,2.0 
322,Fomalhaut-b,1,1,1.0 
323,Cloud_Chamber,1,2,2.0 
324,CaesarAX,1,1,1.0 
325,Ozymandius383,1,2,2.0 
326,whiteyfang,1,1,1.0 
327,Gundam336,1,2,2.0 
328,Refugee_Savior,1,1,1.0 
329,graytotoro,1,3,3.0 
330,swordmalice,1,1,1.0 
331,gokenshadow,1,1,1.0 
332,Joseczs,1,1,1.0 
333,Nippon_ninja,1,1,1.0 
334,Anime_Bear,1,2,2.0 
335,_vogonpoetry_,1,3,3.0 
336,IsTom,1,2,2.0 
337,DredFiles,1,1,1.0 
338,Rubi127,1,1,1.0 
339,GManDH,1,1,1.0 
340,PM-ME-YOUR-WAIFU,1,4,4.0 
341,Asandwhich1234,1,2,2.0 
342,jereddit,1,4,4.0 
343,adrianraf,1,3,3.0 
344,KylosApprentice,1,1,1.0 
345,m7i7c0a2h,1,2,2.0 
346,PureSmoulder,1,2,2.0 
347,andehh_,1,2,2.0 
348,Valkyrio100,1,1,1.0 
349,Xelia17,1,1,1.0 
350,IAmARobotTrustMe,1,1,1.0 
351,IronBloodedOx,1,1,1.0 
352,allbeenotea,1,2,2.0 
353,Pollios,1,1,1.0 
354,Vaynonym,1,2,2.0 
355,cheezywafflez,1,1,1.0 
356,TikoMyster20,1,3,3.0 
357,vellavu,1,2,2.0 
358,CMDR_potoooooooo,1,1,1.0 
359,sicklyfish,1,8,8.0 
360,Zakarath,1,1,1.0 
361,439115,1,2,2.0 
362,llwu,1,4,4.0 
363,valorzard,1,2,2.0 
364,Rinarin,1,1,1.0 
365,daramin,1,2,2.0 
366,crobat3,1,4,4.0 
367,squirrelbaffler,1,3,3.0 
368,xRedPhoenix,1,2,2.0 
369,NibblingConscience,1,2,2.0 
370,WHM-6R,1,3,3.0 
371,polyoptigon17,1,1,1.0 
372,Bigo290,1,1,1.0 
373,cookie-thief,1,1,1.0 
374,dcresistance,1,2,2.0 
375,Makudo333,1,1,1.0 
376,Mineta-Man,1,2,2.0 
377,Unheroic_,1,2,2.0 
378,lemonlicker27,1,2,2.0 
379,Fircoal,1,2,2.0 
380,jamedkan,1,1,1.0 
381,lilyvess,1,2,2.0 
382,DragonsOnOurMountain,1,3,3.0 
383,ekksuplosion,1,6,6.0 
384,PurpleDeco,1,11,11.0 
385,Ir0n_Agr0,1,2,2.0 
